{
	"IcoMoonType": "selection",
	"icons": [
		{
			"icon": {
				"paths": [
					"M917.806 229.076c-22.212-30.292-53.174-65.7-87.178-99.704s-69.412-64.964-99.704-87.178c-51.574-37.82-76.592-42.194-90.924-42.194h-496c-44.112 0-80 35.888-80 80v864c0 44.112 35.888 80 80 80h736c44.112 0 80-35.888 80-80v-624c0-14.332-4.372-39.35-42.194-90.924zM785.374 174.626c30.7 30.7 54.8 58.398 72.58 81.374h-153.954v-153.946c22.984 17.78 50.678 41.878 81.374 72.572zM896 944c0 8.672-7.328 16-16 16h-736c-8.672 0-16-7.328-16-16v-864c0-8.672 7.328-16 16-16 0 0 495.956-0.002 496 0v224c0 17.672 14.326 32 32 32h224v624z"
				],
				"attrs": [],
				"tags": [
					"file-empty",
					"file",
					"document",
					"paper",
					"page",
					"new",
					"empty",
					"blank"
				],
				"defaultCode": 57485,
				"grid": 16
			},
			"attrs": [],
			"properties": {
				"order": 2,
				"id": 1598,
				"prevSize": 32,
				"code": 59684,
				"ligatures": "file-empty, file3",
				"name": "file-empty"
			},
			"setIdx": 0,
			"setId": 0,
			"iconIdx": 36
		},
		{
			"icon": {
				"paths": [
					"M832 960l192-512h-832l-192 512zM128 384l-128 576v-832h288l128 128h416v128z"
				],
				"attrs": [],
				"tags": [
					"folder-open",
					"directory",
					"category",
					"browse"
				],
				"defaultCode": 57506,
				"grid": 16
			},
			"attrs": [],
			"properties": {
				"id": 227,
				"order": 1,
				"prevSize": 32,
				"code": 59696,
				"ligatures": "folder-open, directory2",
				"name": "folder-open"
			},
			"setIdx": 0,
			"setId": 0,
			"iconIdx": 48
		},
		{
			"icon": {
				"paths": [
					"M1014.662 822.66c-0.004-0.004-0.008-0.008-0.012-0.010l-310.644-310.65 310.644-310.65c0.004-0.004 0.008-0.006 0.012-0.010 3.344-3.346 5.762-7.254 7.312-11.416 4.246-11.376 1.824-24.682-7.324-33.83l-146.746-146.746c-9.148-9.146-22.45-11.566-33.828-7.32-4.16 1.55-8.070 3.968-11.418 7.31 0 0.004-0.004 0.006-0.008 0.010l-310.648 310.652-310.648-310.65c-0.004-0.004-0.006-0.006-0.010-0.010-3.346-3.342-7.254-5.76-11.414-7.31-11.38-4.248-24.682-1.826-33.83 7.32l-146.748 146.748c-9.148 9.148-11.568 22.452-7.322 33.828 1.552 4.16 3.97 8.072 7.312 11.416 0.004 0.002 0.006 0.006 0.010 0.010l310.65 310.648-310.65 310.652c-0.002 0.004-0.006 0.006-0.008 0.010-3.342 3.346-5.76 7.254-7.314 11.414-4.248 11.376-1.826 24.682 7.322 33.83l146.748 146.746c9.15 9.148 22.452 11.568 33.83 7.322 4.16-1.552 8.070-3.97 11.416-7.312 0.002-0.004 0.006-0.006 0.010-0.010l310.648-310.65 310.648 310.65c0.004 0.002 0.008 0.006 0.012 0.008 3.348 3.344 7.254 5.762 11.414 7.314 11.378 4.246 24.684 1.826 33.828-7.322l146.746-146.748c9.148-9.148 11.57-22.454 7.324-33.83-1.552-4.16-3.97-8.068-7.314-11.414z"
				],
				"attrs": [],
				"tags": [
					"cross",
					"cancel",
					"close",
					"quit",
					"remove"
				],
				"defaultCode": 58219,
				"grid": 16
			},
			"attrs": [],
			"properties": {
				"id": 975,
				"order": 3,
				"prevSize": 32,
				"code": 59919,
				"ligatures": "cross, cancel",
				"name": "cross"
			},
			"setIdx": 0,
			"setId": 0,
			"iconIdx": 271
		}
	],
	"height": 1024,
	"metadata": {
		"name": "icomoon"
	},
	"preferences": {
		"showGlyphs": true,
		"showQuickUse": true,
		"showQuickUse2": true,
		"showSVGs": true,
		"fontPref": {
			"prefix": "icon-",
			"metadata": {
				"fontFamily": "icomoon"
			},
			"metrics": {
				"emSize": 1024,
				"baseline": 6.25,
				"whitespace": 50
			}
		},
		"imagePref": {
			"prefix": "icon-",
			"png": true,
			"useClassSelector": true,
			"color": 4473924,
			"bgColor": 16777215
		},
		"historySize": 100,
		"showCodes": false
	}
}